ejercicio_accuracy,parametros_mse,n_samples
0.008007791364570934,124.33698615599076,138614
