Feature,Importancia
Edad,0.14782567403693683
Porcentaje_grasa,0.1374816444039676
Altura_(m),0.13301017616612607
Duración_sesión_(horas),0.1275733125400222
Masa_magra_(kg),0.11274391260902095
Peso_(kg),0.10898239836034311
Frecuencia_entrenamiento_(días/semana),0.10833741227334683
Nivel_experiencia,0.1057975950692124
Género,0.018247874541024015
Objetivo,0.0
