Target,MAE,RMSE,R2
Proteínas,16.2661609797589,21.070444988384015,0.2813073034794178
Carbohidratos,42.59064057215632,53.55471126435093,0.27096678195167
Grasas,10.664725677572038,13.772453281989296,0.283828587654398
